staff_name,distance_patient_clinic,distance_staff_patient,time_margin,workload,language,fitness_score,predicted_label,accept_proba
1,10.65108401,7.706784337,-11.44874744,1,1,2.738258825,1,0.925925926
3,8.509437777,4.150299998,-50.16702256,4,2,2.546179214,1,0.666666667
3,11.93591937,6.345471124,-107.8246026,1,1,2.417770753,1,0.666666667
2,9.800809005,11.30019346,-131.1960699,2,0,2.271669742,1,0.666666667
3,4.663843855,3.50661548,-50.26186678,1,1,2.710755851,1,0.925925926
1,6.911399843,5.347610266,-50.39948688,2,2,2.629411609,1,0.925925926
0,7.405348655,11.69125922,-110.5234084,4,0,2.28062256,1,0.666666667
1,14.06491464,1.891441711,-107.3746002,4,0,2.322521103,1,0.666666667
0,2.42559857,8.048646523,-78.38102988,1,1,2.593987449,1,0.666666667
1,11.35646128,1.627826273,-107.2116889,2,0,2.432784828,1,0.666666667
0,1.581519987,1.716305322,-21.17553283,4,2,2.736436637,1,0.925925926
0,8.609907825,8.871194435,-28.3004888,4,1,2.570854015,1,0.666666667
1,11.10813731,9.160382409,-1.903537075,3,0,2.670969679,1,0.925925926
0,9.899469812,7.818946158,-127.7778845,3,0,2.276889559,1,0.666666667
0,11.86254722,10.02244877,-93.38846609,4,0,2.309855153,1,0.666666667
3,13.4829939,4.092176741,-42.89373939,1,0,2.641269162,1,0.925925926
1,1.680005078,3.406157002,-18.67806556,1,0,2.846878161,1,0.925925926
3,13.85271901,8.165428751,-143.3909254,2,0,2.221848771,1,0.666666667
1,6.082703185,8.805388186,-101.0459967,4,2,2.354299097,1,0.666666667
3,3.387331066,12.53478504,-79.58151496,3,2,2.455507122,1,0.666666667
3,14.53285661,7.820696238,-49.37632557,3,0,2.49187672,1,0.666666667
1,9.088161497,12.46645931,-49.99514518,2,1,2.537803308,1,0.666666667
2,2.726329121,11.13098666,-21.68326365,4,1,2.629149297,1,0.925925926
3,14.91168969,12.25392203,-2.868330708,2,2,2.638782781,1,0.925925926
3,9.082908779,3.621015064,-37.20652821,4,1,2.588939001,1,0.666666667
3,3.746432306,6.670494538,-2.605102144,4,1,2.727147058,1,0.925925926
1,13.01649283,4.514251267,-64.66053852,4,1,2.449157431,1,0.666666667
0,1.515011486,14.63821942,-111.9844005,1,0,2.425186356,1,0.666666667
1,13.07582133,12.18679556,-7.352320211,2,0,2.642866097,1,0.925925926
3,14.63522935,6.038566935,-50.06020083,3,1,2.506394701,1,0.666666667
1,5.704441233,4.252568945,-25.84778343,4,0,2.65427062,1,0.925925926
1,1.437204132,2.700396623,-51.17267976,1,1,2.748048393,1,0.925925926
0,4.079906103,4.218200507,-51.84985933,2,1,2.664186069,1,0.925925926
3,1.029806534,14.33511729,-125.3670734,4,0,2.268460517,1,0.666666667
1,14.80433767,1.606680713,-124.0670393,2,1,2.342333019,1,0.666666667
2,4.719425714,8.886216741,-51.49875524,4,0,2.532281058,1,0.666666667
1,8.834584107,4.056000929,-122.5247387,3,2,2.342678354,1,0.666666667
1,6.205409478,7.80047396,-30.76121853,1,1,2.717403771,1,0.925925926
2,8.075217888,12.99496854,-145.3580876,1,2,2.264771177,1,0.666666667
2,10.78926461,8.97260264,-79.54019602,1,1,2.497247341,1,0.666666667
2,1.046074539,9.253508394,-7.411325478,4,2,2.712299752,1,0.925925926
0,13.74334685,3.343838628,-138.9822651,1,2,2.325853928,1,0.666666667
0,14.95960813,14.72518396,-86.07897874,3,1,2.29622215,1,0.666666667
1,3.758254985,2.34259888,-40.58090378,4,1,2.643721782,1,0.925925926
1,6.171206538,5.240640792,-89.52573081,1,1,2.547462424,1,0.666666667
1,1.34336178,7.892973394,-96.23327637,1,1,2.54685906,1,0.666666667
1,4.619467135,8.955037934,-11.659641,2,2,2.745389479,1,0.925925926
1,8.597420129,5.063429245,-93.09956666,1,2,2.513059617,1,0.666666667
3,13.8451048,1.220767653,-18.11348873,3,1,2.66896298,1,0.925925926
2,13.31637748,6.558237106,-71.08037024,4,0,2.404319287,1,0.666666667
2,7.661416777,1.831471349,-123.8920689,2,0,2.412097556,1,0.666666667
3,10.39490224,7.356341814,-69.12180486,1,1,2.552081543,1,0.666666667
1,1.636200876,13.24398679,-16.63852598,1,2,2.75573637,1,0.925925926
1,1.276987927,12.80576219,-106.6509112,1,0,2.463669462,1,0.666666667
1,1.159691344,6.764669653,-105.865138,3,0,2.447872597,1,0.666666667
2,2.243690637,13.43468125,-121.9653197,1,0,2.396665215,1,0.666666667
2,5.865604378,14.68963168,-94.22140691,4,2,2.320376283,1,0.666666667
2,14.89509549,7.558626262,-39.96033015,4,2,2.482261682,1,0.666666667
1,10.31872711,4.152366064,-89.49448671,2,2,2.476974113,1,0.666666667
1,10.09282385,10.70092799,-131.7125406,3,0,2.23302068,1,0.666666667
0,10.67178573,9.198029266,-104.8516153,2,2,2.371796466,1,0.666666667
1,13.38156261,13.32704597,-60.98735318,2,0,2.449622737,1,0.666666667
0,13.89795225,7.071387161,-57.39292564,1,0,2.558996854,1,0.666666667
3,1.692352515,12.65963738,-59.37423049,1,1,2.618565999,1,0.925925926
2,13.44949958,2.980112122,-77.3090778,4,0,2.418006957,1,0.666666667
1,7.486933776,12.03548618,-133.0773081,1,1,2.321184773,1,0.666666667
0,7.334655193,6.436542224,-62.80969736,3,2,2.532922368,1,0.666666667
1,5.559553871,8.012521819,-94.64753746,2,1,2.468787452,1,0.666666667
3,7.130857609,2.788213682,-97.53066594,3,0,2.455707067,1,0.666666667
1,9.664869572,1.317025923,-60.7849688,4,2,2.527564482,1,0.666666667
1,11.53438545,2.21090489,-83.94769807,2,1,2.502721436,1,0.666666667
1,1.193378097,13.14438809,-111.6171215,1,0,2.444565267,1,0.666666667
2,7.619975581,14.6763065,-140.9070351,1,1,2.267347062,1,0.666666667
2,6.684487414,10.91719166,-1.515103043,4,2,2.658932866,1,0.925925926
2,2.804343297,1.785317179,-82.21214317,1,1,2.640062918,1,0.925925926
2,3.796806982,13.48599246,-79.08230574,4,2,2.40356432,1,0.666666667
2,5.606268589,2.614235344,-66.40220983,3,2,2.576454261,1,0.666666667
1,1.966161725,6.472652064,-146.3160103,1,0,2.387891828,1,0.666666667
1,2.628383466,14.43955997,-146.8264362,2,2,2.259899112,1,0.666666667
3,7.247053423,4.08934092,-124.2925203,1,0,2.432327656,1,0.666666667
0,10.32937678,14.50105259,-73.36503985,3,0,2.387145573,1,0.666666667
0,9.464997948,1.957793857,-100.7397491,1,2,2.509972918,1,0.666666667
1,12.25583731,6.861751564,-11.19475669,2,2,2.691508256,1,0.925925926
2,3.217982662,13.7580634,-94.22159471,4,1,2.356167557,1,0.666666667
0,10.35453261,7.072402045,-102.1751395,4,1,2.325146855,1,0.666666667
3,1.752308915,9.090816954,-137.9826044,1,0,2.391626727,1,0.666666667
0,2.855662879,6.80628914,-143.9295647,4,0,2.263615264,1,0.666666667
0,4.7170467,9.980945208,-30.43581187,1,0,2.711567375,1,0.925925926
2,11.07916311,10.95330147,-136.0490158,2,0,2.246178635,1,0.666666667
1,5.828780591,2.275881355,-59.83192105,2,1,2.639513644,1,0.925925926
3,13.86099968,10.26793921,-70.96875356,1,2,2.482148099,1,0.666666667
2,14.35138836,11.02012346,-112.400063,3,0,2.251618005,1,0.666666667
3,4.157511176,6.0771214,-69.34381213,1,2,2.626507634,1,0.925925926
1,1.429299392,14.00545979,-1.164375093,4,0,2.681771158,1,0.925925926
0,11.85008857,8.925168394,-33.77903435,3,0,2.559650649,1,0.666666667
2,13.91415415,2.663414526,-53.94063755,1,2,2.614422188,1,0.925925926
1,2.221920006,10.35259376,-149.3387152,3,2,2.256459145,1,0.666666667
3,11.90259995,5.688232811,-7.770656632,2,2,2.718189484,1,0.925925926
1,14.1836883,1.093841917,-96.88881745,2,2,2.444261973,1,0.666666667
2,5.96012068,5.248830881,-1.770250089,2,1,2.802009651,1,0.925925926
0,7.154418634,13.72322542,-23.70524694,4,2,2.55220607,1,0.666666667
2,7.595695776,10.06348287,-116.0027531,4,0,2.27673237,1,0.666666667
1,2.957089836,14.93742382,-9.462350863,2,2,2.709513694,1,0.925925926
2,14.27583845,6.521587149,-83.0161194,3,1,2.395305346,1,0.666666667
2,3.397938688,14.61535191,-129.9853298,2,2,2.306582661,1,0.666666667
0,3.260305979,1.37401009,-69.6040072,1,1,2.681643482,1,0.925925926
2,3.247397635,2.781890145,-3.102020478,4,2,2.769367054,1,0.925925926
0,12.66220663,13.02542467,-42.40167769,2,0,2.521784761,1,0.666666667
3,5.771999062,7.337870304,-34.28027597,3,0,2.63463372,1,0.925925926
3,11.43704887,9.627918267,-14.07343589,3,1,2.622438876,1,0.925925926
1,10.9199646,5.966776953,-53.24482308,4,0,2.493649841,1,0.666666667
3,6.490995957,5.49752542,-114.1693106,2,0,2.419550417,1,0.666666667
0,7.513633947,11.2248794,-141.059737,4,0,2.182415743,1,0.666666667
0,3.850115404,7.106965307,-35.81246101,3,2,2.651054323,1,0.925925926
0,2.423828862,7.710368637,-100.6398469,3,1,2.443191869,1,0.666666667
0,5.721814455,8.424054264,-25.7925788,4,1,2.61256605,1,0.925925926
3,14.8123999,5.071420939,-2.122259335,4,0,2.634087594,1,0.925925926
1,11.38180903,5.997913892,-68.84158625,4,2,2.436730817,1,0.666666667
1,10.31216645,1.974769604,-33.75348556,1,2,2.724619021,1,0.925925926
3,11.72744077,4.738275018,-30.5548687,2,2,2.65349328,1,0.925925926
3,2.623948659,1.957684659,-39.67876818,1,2,2.781921106,1,0.925925926
1,9.433657569,3.816536397,-12.66279883,1,0,2.785288731,1,0.925925926
3,7.285807343,13.98110357,-110.1724348,2,1,2.340089441,1,0.666666667
3,7.510901695,11.11291764,-32.28788474,4,0,2.546135524,1,0.666666667
0,13.72441931,11.96259709,-139.7145378,2,1,2.19741471,1,0.666666667
1,13.65543224,4.066089546,-58.76173992,4,1,2.466912316,1,0.666666667
1,5.047013399,5.893174274,-100.1200542,2,2,2.476864609,1,0.666666667
3,4.445118888,13.4825605,-138.004436,2,2,2.28070842,1,0.666666667
3,6.151889999,14.86617514,-42.37114496,4,2,2.488582199,1,0.666666667
1,13.72472215,9.340937095,-98.0954618,3,2,2.322358535,1,0.666666667
2,3.423593378,3.581969685,-63.91914757,4,2,2.556880544,1,0.666666667
1,2.823134694,8.503897025,-55.18235687,4,0,2.542788493,1,0.666666667
3,1.515075658,10.94969067,-11.21722674,1,0,2.797961581,1,0.925925926
0,13.71696886,9.448681594,-37.10757495,1,1,2.604651579,1,0.666666667
2,1.468963256,2.517801779,-62.83606676,2,0,2.670678794,1,0.925925926
3,3.953530969,11.59205577,-124.1587313,1,2,2.390681695,1,0.666666667
2,13.4084602,12.74132612,-71.33181533,1,1,2.460729419,1,0.666666667
2,2.384537265,7.712068424,-81.777228,4,1,2.466443183,1,0.666666667
0,3.76218764,2.106625701,-92.42963806,2,2,2.553213073,1,0.666666667
3,7.596964494,7.196034234,-76.06297763,3,0,2.478526754,1,0.666666667
1,4.880618419,10.79728293,-52.31181766,1,0,2.628848261,1,0.925925926
1,4.030705549,9.368935529,-88.45374846,3,1,2.451157761,1,0.666666667
2,1.840519684,1.184720485,-63.73386767,1,1,2.717301373,1,0.925925926
3,11.15726588,3.281771722,-66.6276405,2,0,2.553517489,1,0.666666667
3,2.673545743,2.686070445,-141.7293769,1,1,2.433972582,1,0.666666667
0,4.662509741,14.45648134,-105.4460575,2,2,2.377323231,1,0.666666667
0,4.43971316,7.474478403,-91.31533583,3,1,2.456473632,1,0.666666667
3,10.00772597,14.58816937,-16.06183045,2,1,2.620501612,1,0.925925926
0,4.377197992,4.069011487,-62.47434495,4,2,2.547290089,1,0.666666667
3,6.161998819,4.629811893,-13.93326275,2,2,2.765637684,1,0.925925926
3,5.047845701,8.730068137,-144.6329048,1,1,2.340111179,1,0.666666667
1,13.36842216,2.228058204,-98.37172827,4,2,2.356129435,1,0.666666667
2,12.22965363,13.05696331,-105.517095,4,2,2.235410181,1,0.666666667
0,3.77830909,5.864272112,-62.46531855,4,1,2.535356459,1,0.666666667
1,6.877917237,14.90693427,-87.62516139,3,1,2.370067614,1,0.666666667
0,6.612353557,4.718072257,-44.08728549,3,2,2.619738124,1,0.925925926
1,13.64150208,9.078460501,-117.612133,2,1,2.300759931,1,0.666666667
2,13.99039816,3.506159876,-123.8433084,4,2,2.252223392,1,0.666666667
3,9.560833264,8.57275799,-89.55100665,3,2,2.400160732,1,0.666666667
2,7.227723892,10.57387216,-85.71257021,4,0,2.376275472,1,0.666666667
1,11.86827028,13.0177886,-46.77500177,1,1,2.555222739,1,0.666666667
1,8.40201406,14.51226364,-85.60531698,3,0,2.365506166,1,0.666666667
2,7.71833345,5.036437693,-84.03485981,1,0,2.552336089,1,0.666666667
3,11.02465505,11.11779264,-105.7498954,3,2,2.306075872,1,0.666666667
2,12.83597315,8.080328937,-26.86920799,2,2,2.621272953,1,0.925925926
2,5.079724379,8.147040832,-57.98360266,3,0,2.554453672,1,0.666666667
1,6.143490737,6.397705282,-26.76977093,1,2,2.74535547,1,0.925925926
2,10.34371644,2.549083922,-47.90839129,2,2,2.631377359,1,0.925925926
1,6.675754104,11.29960143,-135.0577976,1,0,2.330053786,1,0.666666667
1,5.700798389,6.117684582,-11.86212799,4,0,2.682274744,1,0.925925926
1,1.147817301,7.569616701,-50.4835118,1,1,2.704547287,1,0.925925926
2,3.211894481,14.61634054,-63.60951653,2,0,2.529685928,1,0.666666667
3,9.73826283,5.074139787,-149.3307919,2,0,2.274106667,1,0.666666667
3,8.852971537,9.850441513,-64.7296706,4,0,2.437200301,1,0.666666667
3,1.324693915,6.957476785,-72.17508771,1,2,2.636594667,1,0.925925926
1,11.72205391,2.508224834,-89.31061183,4,2,2.399995173,1,0.666666667
3,13.34113842,6.572905246,-92.45239212,3,2,2.372684923,1,0.666666667
3,5.240996725,10.42233002,-121.1204746,4,2,2.279631817,1,0.666666667
2,10.62918356,5.269858398,-100.9016107,3,1,2.384670878,1,0.666666667
2,14.44574034,5.392777209,-59.47202122,2,0,2.523374754,1,0.666666667
2,9.880392329,1.377803466,-41.46504727,4,1,2.589201218,1,0.666666667
2,13.92151049,11.32506529,-20.196773,3,2,2.560211666,1,0.666666667
1,14.69823299,2.569578374,-30.31365397,1,1,2.686276373,1,0.925925926
3,12.85590795,9.470279955,-36.09814647,2,2,2.576410966,1,0.666666667
1,5.202356907,13.8323235,-9.623625825,3,1,2.657574443,1,0.925925926
2,1.826336984,1.327500493,-40.08954555,4,0,2.674829807,1,0.925925926
1,4.641049183,8.759110138,-85.43821679,2,1,2.501204351,1,0.666666667
2,8.894428649,11.33030512,-61.76010221,3,2,2.471885655,1,0.666666667
3,6.175529414,14.31172279,-143.3719455,3,0,2.197220993,1,0.666666667
1,2.443925814,13.76181451,-111.8515039,4,1,2.30510425,1,0.666666667
0,5.291106484,1.430001115,-111.087367,3,1,2.442497701,1,0.666666667
2,3.13756228,2.126970684,-92.84005646,2,0,2.557887815,1,0.666666667
2,8.595584932,9.26476324,-123.9997064,1,1,2.368064163,1,0.666666667
0,7.99981522,2.666501884,-118.9053499,4,2,2.336985663,1,0.666666667
0,12.75948877,3.350452629,-140.742152,3,2,2.249760079,1,0.666666667
0,6.99290648,4.835871428,-34.50762614,2,2,2.6866868,1,0.925925926
0,13.4557796,10.87071779,-24.0498235,1,1,2.636568948,1,0.925925926
2,2.348590156,8.67515337,-112.2845421,2,0,2.435480758,1,0.666666667
1,10.2109545,8.797155802,-74.44492745,2,0,2.481769139,1,0.666666667
2,6.209542401,14.07271626,-6.390526669,2,2,2.695875658,1,0.925925926
0,9.088221645,5.535572996,-133.6999468,2,0,2.328095564,1,0.666666667
2,11.392775,10.98989096,-20.50715173,2,2,2.627816168,1,0.925925926
2,5.028368885,5.959243011,-125.2517339,3,1,2.352618101,1,0.666666667
1,6.12169185,2.798010311,-102.6053814,4,2,2.40878504,1,0.666666667
1,11.89027493,5.172572754,-149.9195087,1,1,2.289639828,1,0.666666667
2,3.252013981,2.614590511,-50.09787217,1,0,2.734341048,1,0.925925926
1,2.314633713,8.024600766,-1.0132986,2,0,2.813229993,1,0.925925926
2,2.75671396,9.462194737,-122.017309,4,0,2.31108655,1,0.666666667
1,7.438805492,3.846053324,-42.14737272,2,0,2.666660169,1,0.925925926
0,3.856780906,5.065882155,-34.36706678,4,0,2.63621648,1,0.925925926
2,6.524741719,2.216613533,-111.7241709,4,0,2.380172545,1,0.666666667
0,1.737189788,5.073496918,-38.71332825,4,0,2.642848705,1,0.925925926
2,7.18577285,7.213032165,-122.3821581,1,1,2.408071423,1,0.666666667
3,9.97247095,14.18835439,-119.0494681,2,1,2.281560186,1,0.666666667
2,8.655585027,11.23006556,-117.7036571,1,0,2.36879797,1,0.666666667
3,4.903997179,3.898089601,-54.5596153,3,0,2.610113748,1,0.925925926
0,12.05340482,9.44928294,-126.4790265,2,0,2.283376367,1,0.666666667
3,3.873330035,13.48236822,-42.3966884,4,0,2.525120723,1,0.666666667
1,4.333841231,2.715345185,-91.31151624,4,0,2.465136415,1,0.666666667
0,5.243917792,5.62607623,-73.7409322,1,2,2.605496952,1,0.666666667
3,9.33262811,11.23866109,-122.718075,3,2,2.265226858,1,0.666666667
2,11.9352224,14.40113029,-90.34380045,1,1,2.395490472,1,0.666666667
2,2.349138706,13.88193742,-40.75234791,2,2,2.621848079,1,0.925925926
3,10.31987543,9.112602446,-98.72513622,4,1,2.316591434,1,0.666666667
2,9.351066241,8.064820892,-7.684224053,2,2,2.720227048,1,0.925925926
0,3.49863725,11.13785826,-131.416089,2,0,2.335581415,1,0.666666667
2,1.942490459,1.244957172,-19.16064307,1,1,2.864256713,1,0.925925926
3,11.90877189,5.223124265,-68.93369825,4,2,2.438902044,1,0.666666667
1,4.905779982,8.89411013,-46.503349,3,1,2.586989936,1,0.666666667
1,1.233075435,14.5381212,-18.85198516,4,2,2.619448083,1,0.925925926
2,1.871548321,10.45928109,-5.874650324,2,2,2.777109538,1,0.925925926
1,6.144304506,2.894956888,-118.7554348,3,1,2.393755937,1,0.666666667
0,9.813268828,13.84989338,-107.4889667,1,1,2.365071822,1,0.666666667
3,1.165334264,5.213032441,-6.242025255,4,0,2.755409582,1,0.925925926
3,2.782174487,14.85003831,-140.6643095,3,1,2.23479684,1,0.666666667
0,5.048072091,14.49080854,-114.9506977,4,0,2.261442201,1,0.666666667
1,11.15479416,4.946955976,-108.7009244,3,0,2.356646084,1,0.666666667
0,3.628177023,10.76237362,-82.98221022,4,1,2.419487126,1,0.666666667
1,7.870434297,13.96898758,-130.3634408,3,1,2.227060978,1,0.666666667
0,4.30952012,8.032804696,-39.44761219,2,1,2.665084711,1,0.925925926
1,1.720534772,2.297102378,-103.4282636,3,0,2.49506275,1,0.666666667
2,4.289367207,14.59693206,-146.1489812,2,0,2.243973737,1,0.666666667
2,6.916579123,3.975038674,-37.34011587,2,0,2.686616769,1,0.925925926
3,4.18681381,13.24715079,-98.71756828,4,1,2.336601793,1,0.666666667
2,8.00242308,6.821685624,-92.3591077,1,1,2.503895221,1,0.666666667
1,8.115251206,5.651236285,-123.7658949,3,0,2.329782142,1,0.666666667
2,5.10214809,12.25068488,-107.0375075,2,2,2.389679979,1,0.666666667
0,10.39688316,8.048659195,-15.11357977,2,1,2.685165977,1,0.925925926
1,5.320626768,2.826743972,-50.98285388,1,0,2.708583446,1,0.925925926
0,4.780665106,12.19531734,-76.77018147,2,0,2.494339571,1,0.666666667
3,12.69983305,9.951627948,-4.040303401,1,2,2.720017712,1,0.925925926
0,8.066213765,13.63969585,-100.1995356,3,2,2.328942452,1,0.666666667
2,9.173921465,12.2776375,-28.64408529,3,2,2.570004126,1,0.666666667
2,11.44635526,1.263445695,-71.33720541,2,0,2.555111306,1,0.666666667
3,6.349460132,2.735437787,-83.12914443,3,1,2.512053873,1,0.666666667
0,14.30456483,14.88883099,-118.8885976,2,2,2.231770717,1,0.666666667
1,3.731200228,9.397338663,-63.80417995,3,1,2.536034011,1,0.666666667
1,8.919661723,6.769113457,-141.067739,2,1,2.292886452,1,0.666666667
3,5.178550933,5.807664635,-121.5729928,4,0,2.324894535,1,0.666666667
0,4.260380552,5.916863293,-66.20300694,1,2,2.637550872,1,0.925925926
3,11.79119968,2.057665011,-6.356725565,3,1,2.720322268,1,0.925925926
0,4.75709941,7.345803109,-9.324759253,2,1,2.767888444,1,0.925925926
3,2.711057822,4.412468613,-91.80157259,4,0,2.462759494,1,0.666666667
1,13.38126166,3.696977387,-43.7041201,1,2,2.643537209,1,0.925925926
1,13.66919311,6.042478463,-4.757637198,4,0,2.627024494,1,0.925925926
1,1.715336009,11.75220816,-33.36270928,4,1,2.594115527,1,0.666666667
3,8.28948122,2.313860274,-102.2019566,1,0,2.513293397,1,0.666666667
1,14.57462919,10.52258577,-128.1919006,2,0,2.241721515,1,0.666666667
3,9.681008485,1.771069468,-113.0532644,2,1,2.428635006,1,0.666666667
3,10.96552886,5.856531022,-130.0784046,1,1,2.358184719,1,0.666666667
0,1.75139833,9.644152064,-50.8493864,1,0,2.676546541,1,0.925925926
0,7.741721191,4.743787461,-8.252836888,1,2,2.807635457,1,0.925925926
3,12.87090524,12.96965705,-82.06828207,3,1,2.348033437,1,0.666666667
0,12.66930282,3.343225671,-75.11081258,4,0,2.42950534,1,0.666666667
0,1.304858087,6.780145118,-73.75959766,4,1,2.513284642,1,0.666666667
2,4.185365837,9.823742594,-20.12044392,1,1,2.752840769,1,0.925925926
2,7.66821734,8.875649661,-26.1095753,2,2,2.667529412,1,0.925925926
1,1.81406759,9.188395489,-35.13835191,3,2,2.652847529,1,0.925925926
0,11.15261692,2.161843036,-89.22457788,2,0,2.489440141,1,0.666666667
2,11.24463628,14.69323216,-2.331665466,1,2,2.692849097,1,0.925925926
0,5.128701945,2.675204922,-141.6084376,2,2,2.369932806,1,0.666666667
2,12.86814176,1.641556321,-110.984503,4,0,2.324954676,1,0.666666667
0,9.545151579,6.920411202,-144.8774409,4,2,2.192419569,1,0.666666667
0,4.430427083,14.47104458,-57.73522989,1,1,2.578534517,1,0.666666667
2,6.508881077,7.641585631,-79.948186,4,1,2.43200138,1,0.666666667
0,12.85121601,2.95962712,-79.32930235,4,1,2.417460561,1,0.666666667
1,5.393318073,6.331326761,-102.9481736,3,0,2.419592973,1,0.666666667
2,9.108082468,6.496007824,-15.1272239,2,1,2.713535017,1,0.925925926
3,13.47359857,8.198017118,-2.910851523,3,2,2.653581005,1,0.925925926
0,5.098246487,4.042336955,-147.2176173,2,2,2.337868775,1,0.666666667
1,8.43768916,12.73961312,-119.7769955,3,0,2.268970325,1,0.666666667
0,11.13486679,13.30647925,-25.35207634,4,1,2.511079619,1,0.666666667
2,13.99580135,12.29718324,-68.65265969,1,2,2.468227955,1,0.666666667
1,7.245291967,14.986487,-129.8725418,2,1,2.264773738,1,0.666666667
0,8.642610468,3.42003267,-134.1645509,3,0,2.312158399,1,0.666666667
3,13.67159989,8.761347646,-91.76113253,2,2,2.389800083,1,0.666666667
0,8.280646617,3.875079926,-28.4613742,3,0,2.663571487,1,0.925925926
1,10.96534399,2.766821576,-20.02780544,2,0,2.715918993,1,0.925925926
2,1.583014248,4.754899898,-137.4853921,4,0,2.318336218,1,0.666666667
2,6.492565595,11.95562449,-129.7703944,4,0,2.222950118,1,0.666666667
2,14.4468472,2.453786823,-86.59790287,3,0,2.422333984,1,0.666666667
1,7.949193863,6.389610201,-30.43432245,1,2,2.715164218,1,0.925925926
2,14.1728892,3.454881799,-126.8221436,1,0,2.360981811,1,0.666666667
3,14.66862949,1.605529937,-5.737321679,3,2,2.698134,1,0.925925926
1,3.708360299,4.743279827,-85.25247901,1,2,2.591308669,1,0.666666667
1,12.37880229,11.6215395,-139.5194815,2,1,2.214931644,1,0.666666667
0,3.65207801,3.811517468,-73.23120924,1,2,2.641260014,1,0.925925926
0,14.69385207,11.33254818,-87.71984247,1,1,2.407336523,1,0.666666667
2,4.350887714,13.70635956,-138.0761953,1,2,2.319173543,1,0.666666667
0,13.57453807,2.906309615,-146.6150591,4,0,2.18647466,1,0.666666667
1,1.676110954,7.672412178,-44.74966642,4,1,2.597349214,1,0.666666667
0,5.031531533,5.149896975,-129.84024,1,0,2.425384915,1,0.666666667
3,9.543240159,6.887645972,-93.42380334,3,1,2.404278461,1,0.666666667
1,8.032986741,8.103452076,-19.9105362,4,0,2.612267158,1,0.925925926
0,9.300575421,14.15831864,-107.9978879,4,2,2.2454181,1,0.666666667
1,9.413672508,11.40485075,-133.9249981,1,2,2.305398107,1,0.666666667
3,8.580734983,12.6175961,-92.97540315,3,0,2.358098679,1,0.666666667
3,13.41986585,1.805046775,-37.16870146,3,0,2.603855202,1,0.666666667
1,14.94838087,13.63127698,-42.43647643,2,2,2.4927485,1,0.666666667
1,5.503262526,10.31365562,-103.7086693,1,2,2.456135254,1,0.666666667
2,4.75614602,2.772660361,-113.2713323,2,2,2.467140829,1,0.666666667
0,12.70595614,3.189123784,-1.583288127,3,1,2.715771574,1,0.925925926
2,5.854282065,3.877740685,-112.5893809,2,2,2.447381836,1,0.666666667
2,5.016308608,10.74572974,-56.38332939,1,1,2.614435185,1,0.925925926
3,7.868746386,13.79325306,-8.511755051,3,1,2.635007489,1,0.925925926
1,2.664815843,11.98253129,-40.79979161,2,0,2.637527223,1,0.925925926
1,12.22344303,13.67202734,-124.7385618,3,1,2.20525009,1,0.666666667
1,12.20153327,3.772982849,-136.4815145,2,2,2.305316457,1,0.666666667
3,12.44967545,7.466142144,-148.1164843,2,0,2.22712021,1,0.666666667
0,12.60700431,8.372229756,-44.05932438,1,2,2.603343245,1,0.666666667
3,9.051836291,8.762681659,-110.280202,3,0,2.334254147,1,0.666666667
1,5.151898349,3.264359952,-121.3213182,1,1,2.471433023,1,0.666666667
1,5.812780744,5.117351567,-98.97470343,4,0,2.400782999,1,0.666666667
0,1.183916478,3.492746031,-41.31901394,2,1,2.735503328,1,0.925925926
0,11.36077562,7.075263106,-25.36507364,1,1,2.691089367,1,0.925925926
2,14.54085655,1.618363374,-9.175917989,2,1,2.727821407,1,0.925925926
1,11.06768958,6.027704806,-130.4219997,3,1,2.274306057,1,0.666666667
2,12.552379,8.505225451,-39.12669502,2,1,2.579001639,1,0.666666667
0,11.57611204,1.66163898,-62.46699182,1,1,2.619399184,1,0.925925926
1,5.190034151,13.67400592,-13.29353059,3,1,2.647047831,1,0.925925926
3,5.837040733,8.477172919,-112.8060818,2,2,2.400837591,1,0.666666667
3,10.55252582,4.458819708,-78.3302087,1,1,2.548785849,1,0.666666667
0,14.91060191,3.439280379,-128.6997926,1,0,2.347501868,1,0.666666667
3,10.66219332,13.92975775,-77.60609523,1,0,2.455393505,1,0.666666667
0,14.32069884,10.52841497,-55.92698573,4,0,2.405085576,1,0.666666667
1,3.305314023,6.341274365,-140.516266,2,1,2.355146563,1,0.666666667
0,4.050674387,6.582322233,-92.57544642,2,0,2.505085212,1,0.666666667
1,5.552023294,2.753898624,-100.6481171,2,0,2.501447057,1,0.666666667
1,9.117206923,5.207513559,-35.22154954,2,1,2.65934763,1,0.925925926
1,14.51252155,4.175671456,-110.5515887,1,1,2.404612774,1,0.666666667
3,7.251602488,9.444198724,-7.809548148,3,0,2.687010161,1,0.925925926
3,3.102103891,3.637591149,-120.1950444,2,1,2.451952901,1,0.666666667
2,10.41537656,3.039095956,-40.40852451,1,0,2.690760193,1,0.925925926
3,9.695766827,6.530198899,-125.993916,1,1,2.377760623,1,0.666666667
0,11.90957117,4.387434651,-122.0349729,4,2,2.270246699,1,0.666666667
0,11.56161238,9.890017013,-138.7482406,1,1,2.282989571,1,0.666666667
2,1.752984994,3.638540088,-49.81644283,3,2,2.66002994,1,0.925925926
3,10.73504318,4.741721183,-32.03855188,1,2,2.698437183,1,0.925925926
2,2.641812213,6.107291457,-134.6797151,2,2,2.38357658,1,0.666666667
2,11.33253885,7.429601802,-148.1275307,1,1,2.278620158,1,0.666666667
1,1.54686489,9.23123166,-133.1207793,4,0,2.288483103,1,0.666666667
3,3.797922409,11.24431184,-4.47603292,1,1,2.794657548,1,0.925925926
0,13.27216473,2.904353657,-143.8076412,4,0,2.198876012,1,0.666666667
1,7.718705728,11.45753329,-96.49596018,3,1,2.366584409,1,0.666666667
2,7.584153268,14.94470377,-75.97839595,4,1,2.36145011,1,0.666666667
1,4.10418009,1.155385526,-66.76744227,4,1,2.564846203,1,0.666666667
1,11.06443529,3.605428704,-58.2123079,4,0,2.499260334,1,0.666666667
2,8.360239381,13.7845889,-93.27014657,1,1,2.427651229,1,0.666666667
0,5.161252553,8.653640158,-58.5496592,1,0,2.626685542,1,0.925925926
3,13.13439933,13.65339768,-21.29969997,3,2,2.54112303,1,0.666666667
3,13.31113471,10.86983226,-109.9009764,1,1,2.351853742,1,0.666666667
1,9.234819251,12.12707937,-127.9665926,4,2,2.199825705,1,0.666666667
0,1.479648552,7.293472639,-105.6327191,2,0,2.480159724,1,0.666666667
1,1.367948158,8.975587636,-106.2431816,2,2,2.462420704,1,0.666666667
3,9.424808554,10.59201145,-144.1969792,4,0,2.159175203,1,0.666666667
2,8.779257349,8.671469836,-81.46287444,2,1,2.473949813,1,0.666666667
3,8.672669591,11.95104006,-86.37180366,3,1,2.385856891,1,0.666666667
1,3.338004455,9.187550739,-17.19582883,4,1,2.657425019,1,0.925925926
1,7.45112866,11.93827654,-131.8908485,1,2,2.326469786,1,0.666666667
0,11.4878058,8.464570301,-1.630845908,3,0,2.675040086,1,0.925925926
2,3.831385415,4.261773816,-22.80979907,1,1,2.803035744,1,0.925925926
1,7.644202308,12.66024201,-90.45143778,2,1,2.415450764,1,0.666666667
1,3.795365746,1.829600787,-49.8900907,3,2,2.657450032,1,0.925925926
3,7.324078134,3.942913562,-95.26681812,2,1,2.489774023,1,0.666666667
3,10.57632631,12.11127624,-123.5402875,3,1,2.241323016,1,0.666666667
2,1.785189901,1.315583815,-118.5066314,4,1,2.413970158,1,0.666666667
1,2.443451241,11.10435777,-92.55335972,2,0,2.476010711,1,0.666666667
3,2.217008196,11.39567284,-37.74523598,4,2,2.578055736,1,0.666666667
0,1.811243127,10.42121787,-99.87093752,1,2,2.504772265,1,0.666666667
3,1.476250499,3.986913445,-74.20740051,4,1,2.538010359,1,0.666666667
2,9.263336843,13.1905589,-22.51115244,3,0,2.580423868,1,0.666666667
0,1.614358295,13.46656521,-71.21894119,4,1,2.451794294,1,0.666666667
1,10.31825361,6.829852558,-25.77310014,2,2,2.662608604,1,0.925925926
0,4.722956546,8.184452696,-122.7340614,1,0,2.42181237,1,0.666666667
3,13.96135297,10.05899898,-131.4283617,4,1,2.161701942,1,0.666666667
3,13.30451769,4.388465407,-124.581337,2,2,2.327799046,1,0.666666667
0,12.31749628,10.57578046,-32.54724411,3,0,2.542576419,1,0.666666667
3,9.81297867,3.740859899,-140.3800874,4,0,2.23652799,1,0.666666667
1,7.786636462,8.886192455,-37.96337787,4,0,2.546727118,1,0.666666667
0,5.419290424,6.053081758,-68.04632677,1,1,2.618455189,1,0.925925926
0,12.53546159,4.36345543,-59.92736421,4,2,2.471252949,1,0.666666667
0,8.556810195,14.53257741,-89.90115631,1,2,2.429435603,1,0.666666667
3,12.48256234,12.5142002,-96.36795061,3,1,2.308805873,1,0.666666667
0,6.121275607,1.385823367,-56.34662249,3,0,2.617106935,1,0.925925926
0,10.14694147,2.733815841,-11.19976368,2,1,2.753859881,1,0.925925926
0,1.329744143,12.88574756,-134.780203,4,2,2.24857774,1,0.666666667
3,11.6698283,13.74176882,-107.8430881,3,1,2.266407069,1,0.666666667
1,12.24142231,10.18934545,-71.0150099,2,2,2.458975623,1,0.666666667
3,1.12019413,4.733134239,-19.46208125,4,2,2.716593112,1,0.925925926
0,1.372930999,6.441406359,-7.050888474,4,2,2.738353665,1,0.925925926
3,6.375068947,6.065497815,-33.14704425,2,2,2.685104185,1,0.925925926
1,5.443736092,2.022614662,-110.4293034,2,2,2.477238814,1,0.666666667
3,7.951045876,11.2370238,-21.9000647,1,0,2.695119088,1,0.925925926
1,7.566559326,8.823751129,-144.179799,4,0,2.195497565,1,0.666666667
2,3.160680681,12.57123285,-20.63968695,3,1,2.653881908,1,0.925925926
0,2.336655653,11.06578536,-19.26974792,4,1,2.641743097,1,0.925925926
2,8.942997054,12.28438138,-139.6819405,2,0,2.242119747,1,0.666666667
1,13.37913633,2.963461962,-54.17358405,3,0,2.535995404,1,0.666666667
1,2.773586423,9.335514435,-57.8291963,3,2,2.566145004,1,0.666666667
2,12.76339138,4.326727669,-138.0780559,4,0,2.208838623,1,0.666666667
2,12.011943,5.976231259,-18.84787022,3,1,2.637292023,1,0.925925926
3,6.846167512,5.018884891,-14.40579363,4,2,2.673330164,1,0.925925926
2,6.596576487,13.70494821,-98.72088224,1,1,2.427915146,1,0.666666667
0,13.2009177,10.93878157,-43.15792676,3,0,2.494743251,1,0.666666667
2,1.78169899,3.449449416,-138.3774507,4,1,2.326430347,1,0.666666667
0,12.17438008,7.478599118,-31.40375988,1,0,2.658791008,1,0.925925926
3,2.086712182,14.72159524,-141.0168579,2,2,2.281860733,1,0.666666667
2,9.893626376,1.915779267,-0.06453052,1,2,2.841690842,1,0.925925926
2,3.916266783,2.272817193,-24.74373787,3,1,2.735630034,1,0.925925926
3,5.107862814,2.551386417,-116.9510076,4,0,2.373570816,1,0.666666667
1,14.16025385,3.059169531,-26.76799028,4,0,2.578579132,1,0.666666667
2,12.2374585,1.292018304,-57.40939172,2,0,2.593340593,1,0.666666667
1,5.016096745,8.646785389,-91.38058714,4,1,2.398769222,1,0.666666667
1,11.67243912,9.588416506,-141.8429752,3,1,2.194581526,1,0.666666667
2,7.010157314,7.299875999,-118.8340333,3,0,2.340786223,1,0.666666667
2,2.236515545,9.898136935,-8.57387568,1,1,2.81007389,1,0.925925926
3,3.700001458,3.335089126,-65.41940696,3,0,2.591584404,1,0.666666667
1,7.203245415,13.02535879,-52.29992802,4,2,2.463380865,1,0.666666667
1,1.701554866,6.536690675,-134.7248612,4,1,2.308534674,1,0.666666667
1,12.38413722,10.93818846,-120.1635848,2,1,2.28623146,1,0.666666667
0,4.693777416,5.092660687,-15.09802263,4,2,2.691808877,1,0.925925926
0,9.248912319,14.86445418,-138.7361607,3,2,2.176412466,1,0.666666667
2,6.726246507,10.9535041,-88.91441855,1,1,2.486821099,1,0.666666667
1,9.020437826,2.214718149,-130.0423124,4,1,2.294174066,1,0.666666667
2,3.121196881,12.02885704,-32.99946698,1,0,2.698501238,1,0.925925926
0,3.663524273,4.85078472,-119.8521862,1,1,2.475349623,1,0.666666667
1,5.388217298,11.7069452,-21.81314101,2,0,2.676337905,1,0.925925926
3,5.342999435,9.111260702,-107.8723408,2,0,2.415882929,1,0.666666667
3,9.734972036,14.60263434,-126.0742848,3,1,2.21637632,1,0.666666667
3,4.261564586,6.712447333,-108.6194328,1,0,2.488195105,1,0.666666667
1,7.101622034,14.53247623,-95.19131421,4,0,2.306354637,1,0.666666667
0,11.01900927,14.81703582,-89.40549935,3,0,2.323621218,1,0.666666667
1,8.134798783,9.546340455,-33.51993543,1,2,2.67145549,1,0.925925926
3,2.909506623,3.285415112,-105.5462461,2,1,2.506229962,1,0.666666667
0,8.661563393,4.375690232,-137.0832533,4,0,2.252683286,1,0.666666667
3,13.53715723,2.139704877,-11.35837617,3,1,2.685370125,1,0.925925926
1,12.00458796,13.00348949,-121.7204566,4,2,2.18418437,1,0.666666667
3,9.215689778,3.122914842,-137.9861762,3,0,2.296660033,1,0.666666667
2,1.192527347,10.00902222,-122.6610523,2,0,2.39911433,1,0.666666667
3,8.964704339,3.477793825,-113.8100187,1,0,2.456208289,1,0.666666667
0,1.124449164,11.15963728,-136.0415036,3,2,2.303687457,1,0.666666667
1,9.246236141,13.9124299,-60.1012651,2,2,2.488075789,1,0.666666667
0,12.09358622,1.061769067,-31.03224503,3,1,2.64500563,1,0.925925926
3,14.12793348,3.91936546,-141.3176143,4,1,2.188468296,1,0.666666667
3,9.146038665,6.451152144,-148.3952372,4,0,2.189377301,1,0.666666667
1,6.141615381,10.03498524,-123.0742072,2,0,2.347986636,1,0.666666667
2,14.06640198,12.67060982,-99.67476685,3,2,2.280380659,1,0.666666667
1,5.517609413,4.940206008,-12.80615022,2,0,2.772734678,1,0.925925926
3,9.581465842,11.16451421,-61.31102539,4,0,2.428170115,1,0.666666667
3,9.896108589,1.216596221,-128.952223,1,2,2.419032208,1,0.666666667
1,2.384528006,10.7956432,-79.53480868,2,2,2.523082259,1,0.666666667
0,8.309006095,10.61376764,-65.18229048,1,1,2.553497961,1,0.666666667
2,5.22271034,7.510134752,-68.85075377,4,1,2.483169037,1,0.666666667
0,11.56134671,11.64821713,-50.74501273,4,1,2.438754319,1,0.666666667
0,3.598824449,6.930584659,-64.63190171,4,1,2.519266237,1,0.666666667
3,10.52769972,5.749781038,-55.32492653,3,0,2.532808771,1,0.666666667
3,1.376185355,11.87647265,-109.0581857,4,0,2.343946134,1,0.666666667
1,1.495937242,10.44729588,-74.88094026,1,1,2.590964535,1,0.666666667
1,11.02959347,5.285522171,-18.41895442,3,2,2.655452329,1,0.925925926
1,8.977263139,6.282324005,-68.15953751,3,1,2.50020567,1,0.666666667
0,5.408587189,1.297597788,-61.33240292,1,1,2.688496807,1,0.925925926
0,10.78190847,9.819313795,-138.1382073,1,2,2.293527086,1,0.666666667
0,11.42858155,7.432665354,-0.903173375,3,2,2.688376953,1,0.925925926
3,7.188017785,9.414517054,-112.7553482,2,2,2.378123491,1,0.666666667
1,13.74525921,3.405346178,-10.24028061,4,1,2.634359677,1,0.925925926
3,4.369276965,9.51231504,-103.9281933,2,2,2.434756769,1,0.666666667
1,10.09290568,2.049858882,-124.9239374,1,0,2.42215923,1,0.666666667
2,9.074384777,12.84121685,-43.69582116,1,2,2.595191247,1,0.666666667
2,9.872706794,3.490371998,-41.95337436,3,2,2.606524631,1,0.666666667
3,1.676866659,6.454043278,-57.25922183,1,1,2.687826828,1,0.925925926
0,4.69545452,14.49566815,-101.6376505,3,1,2.349296605,1,0.666666667
1,6.606670111,7.367723289,-149.6550422,2,1,2.281405925,1,0.666666667
3,12.9631532,8.901460518,-28.23892221,4,0,2.527224122,1,0.666666667
3,11.41742757,12.68848385,-37.05773824,4,0,2.475415092,1,0.666666667
3,3.358787479,1.100839795,-1.538708364,4,1,2.790274699,1,0.925925926
1,13.4194829,1.409867542,-49.10933122,2,0,2.608008725,1,0.925925926
2,3.180217755,1.612104901,-81.76420958,2,2,2.599529408,1,0.666666667
1,14.90787346,12.28420421,-52.28231674,1,0,2.513804834,1,0.666666667
0,6.755964613,9.563278917,-90.02911228,1,0,2.496710524,1,0.666666667
2,10.35475841,12.15784464,-74.98446425,3,2,2.404925755,1,0.666666667
2,7.169348098,5.690571129,-12.95601868,2,2,2.748214079,1,0.925925926
0,1.43943514,9.860266038,-85.30539197,3,1,2.482651682,1,0.666666667
2,1.871384177,10.24544501,-127.536579,2,1,2.373709778,1,0.666666667
3,6.982031505,7.968105885,-9.223301421,1,0,2.779754288,1,0.925925926
0,10.17298042,11.73734409,-70.15566849,1,0,2.507044527,1,0.666666667
1,10.30671221,1.65396171,-40.87258481,1,0,2.704151311,1,0.925925926
2,13.37604374,12.93963863,-73.10215413,2,0,2.413169329,1,0.666666667
1,11.74685632,6.064579198,-111.9625565,4,2,2.288677123,1,0.666666667
1,6.747541762,3.147153107,-143.6656641,4,0,2.262167504,1,0.666666667
3,5.515730504,2.965424625,-52.19662293,4,0,2.581199706,1,0.666666667
1,3.873364006,1.419735144,-56.44996042,4,2,2.598902474,1,0.666666667
2,5.488159446,11.82143774,-96.69290396,1,0,2.464594348,1,0.666666667
1,10.50732504,14.54641224,-16.65801816,1,1,2.6539359,1,0.925925926
1,11.59151019,1.731770676,-92.67668489,3,0,2.437844908,1,0.666666667
2,12.86591187,7.723817417,-59.30104549,3,2,2.476432556,1,0.666666667
2,2.025767291,10.2097007,-9.28179891,4,0,2.68670599,1,0.925925926
3,2.915962703,2.743550899,-148.7093992,3,2,2.327706867,1,0.666666667
1,6.016629584,14.11907082,-104.7441438,4,2,2.28949585,1,0.666666667
1,2.790155712,8.342830592,-74.3566352,4,0,2.480814686,1,0.666666667
2,7.759174865,14.70732215,-20.42077344,2,2,2.627265785,1,0.925925926
2,6.209631875,9.01451721,-39.90278224,4,1,2.554749235,1,0.666666667
2,4.079406534,4.612154953,-18.9755987,4,2,2.689832389,1,0.925925926
0,4.368719577,3.272782319,-84.73675759,1,0,2.601129122,1,0.666666667
1,7.307585326,8.039521155,-21.47115454,2,1,2.69495842,1,0.925925926
1,2.373395917,8.157135904,-68.44263357,3,0,2.54655257,1,0.666666667
0,6.166988367,8.612875297,-57.15384355,3,1,2.541688552,1,0.666666667
1,4.013206025,2.053401447,-108.4957103,1,1,2.537681558,1,0.666666667
3,11.44079576,8.447197642,-103.9628338,3,1,2.334577287,1,0.666666667
2,7.431482548,9.811050281,-114.1206249,4,0,2.287172589,1,0.666666667
3,14.43261497,3.450327662,-120.9864863,3,0,2.297882286,1,0.666666667
2,1.508781513,7.682586988,-115.9880917,2,0,2.441459343,1,0.666666667
0,3.469463667,6.132414325,-95.38498227,1,1,2.546031279,1,0.666666667
2,6.959970711,6.92654258,-111.6676004,4,2,2.328909533,1,0.666666667
3,10.81149443,2.403461089,-31.24373528,1,2,2.723704661,1,0.925925926
0,12.99820463,9.944672868,-65.48228839,3,1,2.43229693,1,0.666666667
0,11.19000317,7.243467095,-26.57103848,4,0,2.567095169,1,0.666666667
3,9.950717691,9.327777646,-6.943242837,3,1,2.664070904,1,0.925925926
3,2.436405266,7.056809564,-48.03842164,2,2,2.66493978,1,0.925925926
2,11.28242773,10.29917279,-7.90910315,2,2,2.677820318,1,0.925925926
3,11.13486059,7.133374943,-19.50576135,2,0,2.67229844,1,0.925925926
0,9.550694183,7.316131546,-100.6712809,1,1,2.455760807,1,0.666666667
3,1.345832495,4.309470357,-62.63594445,2,2,2.65466049,1,0.925925926
0,7.97201428,1.92773824,-69.58477017,2,2,2.589053241,1,0.666666667
3,6.678498794,10.99504073,-139.0276113,2,0,2.279839234,1,0.666666667
3,2.528375567,7.849389619,-93.60564772,3,0,2.464203522,1,0.666666667
2,1.163936607,11.71853948,-84.07747563,1,0,2.550916987,1,0.666666667
2,7.766386485,14.73123387,-131.4106429,3,0,2.21698832,1,0.666666667
3,8.81988473,8.214742284,-13.85926151,2,2,2.703456191,1,0.925925926
2,9.770897971,10.15004024,-26.35149197,1,2,2.672952311,1,0.925925926
0,7.091932368,13.35955211,-95.27167176,3,2,2.357912916,1,0.666666667
3,10.7172604,6.709563096,-101.1415217,1,1,2.448593359,1,0.666666667
2,10.4231418,8.378756771,-74.76455594,3,1,2.442765828,1,0.666666667
2,13.08455288,1.118332253,-14.1743604,1,1,2.770723281,1,0.925925926
0,14.50914472,13.71437572,-95.95363568,1,2,2.357919343,1,0.666666667
2,6.502950182,10.55538206,-16.23921207,4,1,2.615285971,1,0.925925926
2,8.662124128,11.55346951,-85.07501715,4,2,2.354260673,1,0.666666667
2,9.507683574,10.71602053,-67.09850377,4,2,2.41410128,1,0.666666667
3,3.509663107,9.860585358,-80.94730963,1,1,2.55647315,1,0.666666667
3,1.554279775,7.431778469,-11.83002068,2,0,2.790706015,1,0.925925926
1,2.324916636,6.125974331,-114.5949468,3,0,2.413507934,1,0.666666667
1,6.108370321,6.986985301,-52.6458509,3,2,2.573560274,1,0.666666667
3,13.0806646,10.49390532,-63.17887738,4,1,2.393658043,1,0.666666667
3,12.09799618,5.921125757,-113.7071071,3,1,2.32078509,1,0.666666667
3,14.47515597,1.22579294,-37.6846401,3,1,2.597375044,1,0.666666667
2,1.837213345,3.355073707,-42.99318798,2,0,2.724766503,1,0.925925926
2,8.923806388,14.31276724,-4.588473426,3,2,2.632339352,1,0.925925926
3,9.270159938,12.69988434,-34.3180532,3,0,2.545906047,1,0.666666667
2,9.190453388,3.032691767,-120.4085119,1,2,2.436406842,1,0.666666667
1,1.514826013,2.601197604,-25.43583613,3,0,2.754053643,1,0.925925926
3,12.418835,13.44322684,-24.19859443,4,2,2.5007174,1,0.666666667
1,11.47342457,2.511939368,-92.61237451,3,1,2.431438446,1,0.666666667
2,8.52734519,13.41098319,-49.58170912,2,0,2.535344352,1,0.666666667
0,12.69071335,11.20797918,-113.0659296,3,2,2.264126643,1,0.666666667
3,8.841440617,9.761456819,-70.13625712,1,0,2.540183502,1,0.666666667
3,1.058648205,13.16426912,-120.8550596,1,1,2.414920628,1,0.666666667
1,11.61351179,4.424320516,-51.89706249,1,1,2.626631469,1,0.925925926
2,11.2468834,5.754411505,-87.41602868,4,2,2.378600289,1,0.666666667
3,9.952840956,6.998488553,-119.1701585,1,0,2.393252843,1,0.666666667
3,3.23608446,1.015058191,-121.1704163,2,2,2.473587186,1,0.666666667
2,8.7071515,14.90234542,-4.010530267,3,2,2.630536597,1,0.925925926
1,9.516883436,3.205667779,-61.3954718,3,2,2.548122915,1,0.666666667
3,14.99285969,11.16186475,-106.8476422,4,2,2.222293948,1,0.666666667
0,7.092976387,13.83438609,-105.6020644,3,0,2.318719494,1,0.666666667
2,9.54860051,14.23175088,-65.93868626,2,2,2.462400865,1,0.666666667
3,11.83092268,12.12876975,-85.08314375,2,2,2.396792597,1,0.666666667
1,14.6243131,6.936072538,-44.38284797,3,2,2.516453317,1,0.666666667
0,1.339638855,5.957998463,-1.822218013,3,2,2.800949567,1,0.925925926
0,5.190883734,8.142668857,-74.61508183,4,1,2.457947535,1,0.666666667
2,9.457843847,2.73415773,-48.54812542,2,2,2.6362529,1,0.925925926
0,3.925203103,11.92634622,-44.52199938,4,0,2.533077842,1,0.666666667
0,10.60527022,14.21840293,-137.1414373,2,1,2.214625144,1,0.666666667
0,14.47053496,10.41114354,-25.80513133,2,0,2.585166111,1,0.666666667
1,11.94619473,7.013578046,-17.30716627,1,0,2.712711718,1,0.925925926
3,3.966636107,12.39397927,-29.9312879,1,1,2.696622887,1,0.925925926
0,10.80324299,6.937508707,-88.53589019,4,1,2.367472849,1,0.666666667
3,12.02519391,8.389875741,-93.11871194,2,2,2.405453597,1,0.666666667
0,1.767123619,4.924619998,-115.3126973,4,1,2.388706906,1,0.666666667
0,3.510437256,12.40380416,-54.50902409,3,0,2.539160839,1,0.666666667
1,13.27688263,3.587561037,-78.60012402,4,1,2.40935515,1,0.666666667
2,7.66850096,13.29040505,-73.9345989,3,1,2.423962277,1,0.666666667
2,12.24112416,2.055238044,-40.20899404,2,0,2.643006398,1,0.925925926
1,9.084797108,7.0565387,-121.0275199,1,0,2.395161575,1,0.666666667
3,6.763282394,5.076897996,-105.9761598,2,2,2.44834433,1,0.666666667
2,8.170838364,13.9518514,-49.81241463,3,0,2.49273172,1,0.666666667
0,9.84766715,14.79889735,-75.47690052,3,2,2.381944687,1,0.666666667
0,14.31478288,8.42017847,-109.4140112,2,2,2.327937016,1,0.666666667
1,10.76527157,12.43343909,-75.08556166,3,2,2.397727688,1,0.666666667
3,1.52874304,11.36574368,-59.68410885,1,2,2.632108103,1,0.925925926
1,7.534455009,2.844583348,-137.7543688,2,1,2.357028387,1,0.666666667
1,11.28841339,9.507051499,-52.54414618,2,0,2.536898197,1,0.666666667
1,5.946532646,4.80211378,-76.12616713,3,2,2.518759645,1,0.666666667
0,1.721427003,5.871700754,-114.9344391,2,2,2.460953925,1,0.666666667
3,13.50751495,6.069754626,-3.809725226,1,2,2.75152822,1,0.925925926
3,1.349714649,7.58440213,-16.43220556,2,0,2.775884814,1,0.925925926
1,5.875802299,4.845420581,-146.7686287,2,1,2.323559009,1,0.666666667
2,11.91199816,11.56257011,-28.51531345,2,2,2.590203272,1,0.666666667
1,12.4006062,3.202043413,-39.2365944,1,0,2.673184856,1,0.925925926
0,13.0209571,4.229500828,-85.88005725,2,0,2.461228563,1,0.666666667
0,10.94484411,4.255800666,-49.8000515,2,0,2.601993381,1,0.666666667
1,10.54872121,11.99603928,-113.4249964,1,0,2.356469074,1,0.666666667
3,11.41140811,8.509127876,-145.6927249,4,1,2.155152224,1,0.666666667
0,6.410884414,3.958077587,-100.923156,4,1,2.39989986,1,0.666666667
2,9.254791289,7.032065808,-129.1013804,3,0,2.286793494,1,0.666666667
2,6.468637861,1.515713004,-36.22840843,3,1,2.67939513,1,0.925925926
2,2.238744149,4.273721329,-30.65564598,4,2,2.672689859,1,0.925925926
1,4.481092925,9.652307092,-69.8229869,4,1,2.46592271,1,0.666666667
3,5.994958107,10.01175631,-7.201864016,2,0,2.735926642,1,0.925925926
3,10.71302429,5.945836843,-60.49269663,2,2,2.551769067,1,0.666666667
3,8.455025781,12.42098732,-84.77247873,2,1,2.42866494,1,0.666666667
3,4.092798932,13.51189711,-8.944854428,2,2,2.714136858,1,0.925925926
1,2.887054686,12.80310986,-48.71429541,4,1,2.52071737,1,0.666666667
2,12.20506533,11.91518863,-122.2600445,1,2,2.311263979,1,0.666666667
0,1.71168113,9.643859395,-28.37819848,3,0,2.6718506,1,0.925925926
3,10.1135337,2.140392927,-126.8276924,4,0,2.294701759,1,0.666666667
3,6.756617576,12.36668196,-3.069310606,1,0,2.758535969,1,0.925925926
1,2.003034889,14.47271274,-69.67677041,3,2,2.482986622,1,0.666666667
1,3.542769645,3.752906083,-60.81098491,1,2,2.68433996,1,0.925925926
3,9.805201857,13.45048567,-59.56777605,4,2,2.408883871,1,0.666666667
2,13.3216626,11.23748129,-116.0266962,2,1,2.287652907,1,0.666666667
0,7.53182495,9.762886789,-145.3746551,3,2,2.222470699,1,0.666666667
0,5.722867336,5.954471164,-31.51819753,2,1,2.698165957,1,0.925925926
2,6.527779344,14.41552397,-103.3439573,3,0,2.326087109,1,0.666666667
0,1.619218406,8.500804557,-75.88324343,3,1,2.525855626,1,0.666666667
0,13.72225834,13.43646797,-74.80780446,2,0,2.399053389,1,0.666666667
1,13.12404761,1.348584257,-41.22213242,3,0,2.597866573,1,0.666666667
0,4.558756767,6.246558562,-59.93470805,3,1,2.572164487,1,0.666666667
2,11.31938416,8.921990705,-111.6148525,3,1,2.305536743,1,0.666666667
3,10.18243561,5.291387157,-17.12198839,1,1,2.748188478,1,0.925925926
0,12.8805323,9.81459698,-126.5200435,1,1,2.311315229,1,0.666666667
3,4.043543914,14.89997396,-62.5061385,3,2,2.482211026,1,0.666666667
3,13.18623922,6.276620394,-131.3373739,1,1,2.327580158,1,0.666666667
2,11.41410897,11.95164603,-147.9756001,1,0,2.23309045,1,0.666666667
3,1.385207855,7.866694969,-69.13570626,2,0,2.597028618,1,0.666666667
3,3.832360703,13.19209801,-95.04652899,4,0,2.35293365,1,0.666666667
1,6.099807469,1.726813484,-47.56130657,2,1,2.683196102,1,0.925925926
3,4.160785852,12.98897284,-19.5534963,1,2,2.723324092,1,0.925925926
1,2.303870115,3.419390165,-91.26108242,4,2,2.478563789,1,0.666666667
1,11.08903236,5.209805559,-111.167475,2,0,2.386453371,1,0.666666667
2,2.177385449,3.517600734,-15.70740767,3,1,2.770692113,1,0.925925926
3,11.99270789,13.94902574,-62.39395691,4,0,2.372602807,1,0.666666667
2,1.616465229,13.06193504,-123.3257078,2,2,2.362130305,1,0.666666667
2,7.235038477,5.097320222,-103.9614004,1,1,2.490138412,1,0.666666667
1,12.72455841,13.95034069,-133.441308,4,1,2.128446649,1,0.666666667
1,7.891226331,4.357286906,-115.7640878,4,1,2.331634575,1,0.666666667
0,11.41151365,3.614254509,-11.47068126,1,1,2.771506714,1,0.925925926
2,6.505372771,1.270030581,-0.098071047,3,0,2.801919063,1,0.925925926
1,10.608113,12.1567938,-59.40476903,4,2,2.414335035,1,0.666666667
2,14.3853552,2.245051609,-36.38332729,1,0,2.672418174,1,0.925925926
1,7.887598665,12.98553412,-127.4131486,3,0,2.246558177,1,0.666666667
2,4.21273408,14.64836287,-12.17955708,4,2,2.610790507,1,0.925925926
3,11.89376904,2.410637805,-42.5305677,4,1,2.555187373,1,0.666666667
1,7.740637852,10.86350904,-42.48463997,2,2,2.592343065,1,0.666666667
1,6.871659895,2.990805475,-124.4973874,2,2,2.406384055,1,0.666666667
3,2.947679203,3.098172448,-140.5149285,4,1,2.311158389,1,0.666666667
3,3.006170051,1.727656683,-88.17888269,2,2,2.578732124,1,0.666666667
0,1.843930658,14.09165615,-131.3939057,1,0,2.362664446,1,0.666666667
3,7.38000437,11.42950254,-113.923696,3,2,2.312159278,1,0.666666667
1,14.2239784,13.42388424,-12.10937787,1,2,2.643156781,1,0.925925926
3,1.02093413,10.20824815,-148.4408728,3,1,2.272905268,1,0.666666667
2,3.895151494,2.553311458,-79.08443141,2,2,2.591900599,1,0.666666667
0,3.713510349,6.770960977,-95.95934698,3,1,2.455290797,1,0.666666667
3,8.679067568,4.059295075,-95.88184991,2,0,2.473010207,1,0.666666667
1,12.44720253,5.029381579,-72.42702604,3,1,2.463810739,1,0.666666667
0,11.73114815,5.649362525,-83.30879718,1,1,2.508498903,1,0.666666667
0,4.761702358,3.550551539,-14.44083497,2,0,2.788741344,1,0.925925926
3,11.79651418,7.192989655,-39.99971997,1,2,2.636772562,1,0.925925926
1,1.000942892,13.91193573,-26.52291828,4,0,2.602461486,1,0.666666667
3,11.20930923,3.265643753,-111.1289224,1,2,2.444820729,1,0.666666667
3,3.171351689,13.74265981,-93.11733648,3,1,2.400468763,1,0.666666667
2,6.186063954,8.057139639,-36.61206972,3,1,2.615527732,1,0.925925926
1,7.250980818,2.475890389,-63.14860756,2,0,2.612235929,1,0.925925926
1,4.431728252,12.89166914,-69.74344751,4,0,2.434287868,1,0.666666667
1,7.436618463,4.700163403,-37.75664564,2,0,2.672776696,1,0.925925926
0,8.153995912,9.925421573,-120.807123,4,0,2.256515415,1,0.666666667
2,8.080575317,2.937301606,-41.22066852,3,1,2.632419002,1,0.925925926
0,6.046949437,6.208917248,-127.3019234,4,2,2.293101589,1,0.666666667
3,10.83951424,10.19446329,-81.22425493,2,1,2.438912708,1,0.666666667
1,13.60030646,2.568654953,-91.35520667,4,2,2.37379303,1,0.666666667
1,12.1231171,9.772156716,-85.85213045,2,2,2.414873494,1,0.666666667
2,11.07278576,10.60782426,-38.88633145,1,2,2.613572795,1,0.925925926
2,1.990696055,9.720129887,-145.7107005,4,1,2.237189405,1,0.666666667
2,2.63364775,11.80997523,-141.9837861,3,0,2.262284483,1,0.666666667
0,6.687339201,8.137137575,-126.3822963,3,0,2.310480911,1,0.666666667
1,13.05777933,10.61851053,-20.64063988,3,1,2.574434968,1,0.666666667
1,1.227686466,3.350590858,-16.0752011,3,0,2.780633223,1,0.925925926
1,5.049697503,10.73806686,-134.3009101,1,2,2.354452656,1,0.666666667
2,3.35827739,1.794226117,-91.04431894,2,1,2.564993902,1,0.666666667
2,2.980546919,4.070407796,-108.0238682,4,1,2.409410892,1,0.666666667
1,1.855692872,4.485442473,-120.9070206,3,0,2.413565244,1,0.666666667
1,5.559238281,13.3568018,-3.253262085,1,1,2.759995392,1,0.925925926
2,6.264078905,5.761886332,-86.78704135,2,2,2.51045021,1,0.666666667
1,2.270069085,12.39381348,-90.15815646,2,1,2.472833986,1,0.666666667
3,2.510064514,10.96092944,-121.2112155,3,1,2.341252676,1,0.666666667
1,2.417011062,13.65880771,-58.39714899,1,2,2.604584649,1,0.666666667
3,2.887560318,12.50420073,-104.2891773,4,1,2.338451799,1,0.666666667
1,4.889586526,13.6199726,-109.0920973,2,0,2.371264085,1,0.666666667
1,7.687992881,2.653365563,-31.85791579,3,0,2.670393363,1,0.925925926
0,9.687719788,7.17496596,-55.85432713,1,2,2.605192052,1,0.666666667
0,3.690071014,14.25792138,-8.572073575,1,1,2.751946497,1,0.925925926
1,10.59006852,6.222079502,-85.61525265,4,1,2.386494344,1,0.666666667
3,4.680598386,10.13521777,-106.5210153,2,0,2.416771787,1,0.666666667
0,6.215019671,7.00177397,-98.04886826,3,1,2.421002503,1,0.666666667
3,3.606751124,12.10279071,-21.95344527,1,1,2.729726431,1,0.925925926
0,14.25880558,6.512361274,-118.9310075,3,2,2.27585164,1,0.666666667
1,2.334358991,9.599156288,-113.0490487,3,0,2.383834685,1,0.666666667
1,9.30468489,6.037555263,-34.69745149,4,1,2.570919427,1,0.666666667
0,14.57394457,9.28039455,-142.0944803,1,1,2.247808341,1,0.666666667
0,11.14324871,11.01168431,-109.3883218,1,1,2.373822931,1,0.666666667
3,13.82930664,12.26525657,-123.5804002,1,2,2.2871197,1,0.666666667
0,1.728621581,14.93046399,-126.4791502,1,0,2.371811977,1,0.666666667
3,3.916750233,3.99132212,-119.5142645,4,2,2.362538395,1,0.666666667
0,14.31119072,13.75958185,-145.0858924,4,0,2.075672633,1,0.666666667
2,7.870729627,10.78464933,-4.439521469,4,2,2.638647806,1,0.925925926
2,1.367777136,4.853956402,-4.620202734,1,2,2.882381989,1,0.925925926
1,11.72954127,9.021084887,-82.85705057,1,1,2.47630357,1,0.666666667
0,5.11152855,9.278227385,-59.03859724,4,0,2.499307117,1,0.666666667
3,10.1004357,9.357658277,-37.67527705,1,0,2.639834803,1,0.925925926
3,14.64107584,5.875506087,-25.95662922,3,0,2.588312083,1,0.666666667
2,4.160688201,5.806642325,-125.8276659,3,2,2.360901142,1,0.666666667
1,13.16996408,12.3334488,-128.0405954,3,0,2.198163887,1,0.666666667
0,2.086129819,14.95697364,-84.31263831,3,0,2.428526838,1,0.666666667
3,9.601907501,11.96481513,-140.617718,2,2,2.235607047,1,0.666666667
1,13.83067171,5.63941045,-54.28258349,4,0,2.464357233,1,0.666666667
1,8.960920924,4.74203412,-88.50470001,3,0,2.447954783,1,0.666666667
2,13.33439842,1.277895914,-43.25797095,4,2,2.54968382,1,0.666666667
2,2.855926068,4.956290164,-99.7237678,1,2,2.549465278,1,0.666666667
1,10.69381725,11.49894807,-18.79300642,2,1,2.635428992,1,0.925925926
3,5.62978996,4.434037988,-65.03231423,2,1,2.60258734,1,0.666666667
0,5.790866561,11.11930894,-77.73072305,4,1,2.411795835,1,0.666666667
3,8.556291608,8.55181887,-25.58989076,2,1,2.663619259,1,0.925925926
3,10.58538652,6.034240688,-42.90753243,2,1,2.61077862,1,0.925925926
1,12.90714603,13.09750232,-140.6224281,1,2,2.231212089,1,0.666666667
1,13.19374215,9.305839267,-82.16893253,2,0,2.421107744,1,0.666666667
3,5.872864114,1.522876434,-85.69718465,2,2,2.560385312,1,0.666666667
2,12.5454185,2.299608315,-100.5929042,3,1,2.396240051,1,0.666666667
1,7.641975173,11.84702798,-111.3473084,3,1,2.313952274,1,0.666666667
2,13.76703738,13.88144785,-9.670215113,2,2,2.611281097,1,0.925925926
1,2.346949824,3.491219855,-49.25715803,4,2,2.617427776,1,0.925925926
1,5.096046905,2.625336626,-142.7334294,2,0,2.367008067,1,0.666666667
2,10.63219768,10.65795883,-113.9565522,2,0,2.327243261,1,0.666666667
3,1.015242825,7.327934379,-130.3234666,3,2,2.362156673,1,0.666666667
2,8.139507956,2.1233295,-120.3150022,3,2,2.376321618,1,0.666666667
0,1.220150559,2.273206842,-146.3809174,2,0,2.397130035,1,0.666666667
2,9.551350196,1.158702211,-22.05442612,3,2,2.699384722,1,0.925925926
0,14.3921494,14.12314924,-130.3967607,1,2,2.240191145,1,0.666666667
1,14.17817761,3.464031959,-53.81936086,3,2,2.524180035,1,0.666666667
0,11.85078216,11.21511194,-77.72515401,2,0,2.430257212,1,0.666666667
2,8.120475122,8.6869106,-136.1630721,2,2,2.298049236,1,0.666666667
2,13.99529063,2.354370255,-42.89051602,3,0,2.573535004,1,0.666666667
3,10.29341279,13.29351808,-45.29413469,1,0,2.573150242,1,0.666666667
3,14.59851253,5.087070221,-79.07465531,4,0,2.379561988,1,0.666666667
1,12.50527497,1.009602515,-38.14377543,4,0,2.577705307,1,0.666666667
1,9.575542114,3.946453088,-116.5188596,3,1,2.356383849,1,0.666666667
2,10.72467612,8.687323946,-142.6719381,3,2,2.210306872,1,0.666666667
3,9.606797117,11.70552029,-133.2116565,1,1,2.302837971,1,0.666666667
1,14.43123375,5.778828888,-116.5534072,3,2,2.289388016,1,0.666666667
3,12.29628198,3.519624022,-84.4334688,4,1,2.400396044,1,0.666666667
3,10.45680704,6.896287454,-140.2813922,1,0,2.318864414,1,0.666666667
0,5.566370028,13.66945092,-145.7786095,3,2,2.201713092,1,0.666666667
1,9.104184323,1.010806548,-43.62839242,3,2,2.633422117,1,0.925925926
2,7.689544829,10.50409652,-37.91112236,4,2,2.531693179,1,0.666666667
0,4.726329273,12.20268055,-144.5155177,4,2,2.188991509,1,0.666666667
3,2.402076766,4.698029245,-75.41080646,2,0,2.597629585,1,0.666666667
1,10.63884016,3.870423342,-77.49775423,1,1,2.556581518,1,0.666666667
0,4.220981372,2.518244728,-77.6751986,2,1,2.59369041,1,0.666666667
3,2.851324745,11.73998404,-54.58345139,3,1,2.552142074,1,0.666666667
3,11.05356455,14.52070303,-104.5714731,2,2,2.315685747,1,0.666666667
3,6.691235983,10.24962332,-81.51009249,2,0,2.478891099,1,0.666666667
0,10.93960996,2.108283211,-91.95161256,3,1,2.443015693,1,0.666666667
1,10.37346473,4.084163388,-48.04179414,4,1,2.535284405,1,0.666666667
2,11.64089204,6.591184853,-32.5721679,4,0,2.549105338,1,0.666666667
2,12.37945497,4.054946163,-145.4863641,2,2,2.270701442,1,0.666666667
1,5.407746869,3.261992912,-53.52547665,2,1,2.654884347,1,0.925925926
0,12.97149523,7.068409434,-44.40261579,1,1,2.611592234,1,0.925925926
2,3.474058531,4.887146684,-65.48943083,2,1,2.618089845,1,0.925925926
0,5.739953293,1.406917187,-34.34515822,1,1,2.774047434,1,0.925925926
2,14.36286254,11.02426193,-126.0164339,4,1,2.166073976,1,0.666666667
0,14.90919602,13.40421296,-114.0294555,3,0,2.216767725,1,0.666666667
1,2.567354586,6.717506063,-61.04584399,1,1,2.663665247,1,0.925925926
2,8.10925545,8.304336685,-49.70674376,4,1,2.510174933,1,0.666666667
0,4.196565634,11.20170578,-8.409622162,2,2,2.737985212,1,0.925925926
1,10.15008842,4.255447789,-17.05758467,2,1,2.719086022,1,0.925925926
2,2.458530913,8.677808693,-34.75276065,2,1,2.692794068,1,0.925925926
0,1.47284603,3.758886057,-37.21810316,1,2,2.783622335,1,0.925925926
1,7.970678928,11.99657469,-133.0620805,1,0,2.316787196,1,0.666666667
2,2.387378244,10.58419603,-16.68871254,1,2,2.774655215,1,0.925925926
2,13.59979297,13.18374618,-61.97602195,4,2,2.365577869,1,0.666666667
0,7.330073613,4.801523284,-69.96997228,2,1,2.56545079,1,0.666666667
3,7.25377305,9.604593638,-102.7425864,1,2,2.448941045,1,0.666666667
3,14.85417564,4.310271694,-124.4848512,4,2,2.233406023,1,0.666666667
1,5.555875532,12.93234833,-149.2576811,2,0,2.237592158,1,0.666666667
3,14.49132558,4.94930284,-19.52115934,3,1,2.620523185,1,0.925925926
2,1.743289635,2.944688386,-129.3998097,4,0,2.361787521,1,0.666666667
2,2.133310754,9.726905553,-144.9500587,4,2,2.238230975,1,0.666666667
3,13.8929901,3.133121528,-105.0818731,2,0,2.399465973,1,0.666666667
1,6.305598293,14.85196033,-91.85076782,4,0,2.322255188,1,0.666666667
2,9.996209082,13.4767083,-30.72924773,3,2,2.54284,1,0.666666667
2,3.669959331,10.72960764,-40.62052255,3,1,2.600602588,1,0.666666667
0,7.787853293,6.807783059,-19.18340691,2,1,2.710098947,1,0.925925926
2,14.41812321,8.674249961,-128.5225003,3,0,2.220667934,1,0.666666667
3,3.874814815,9.671559574,-99.84683367,2,0,2.451713477,1,0.666666667
3,11.1897804,12.83646752,-69.3683551,1,1,2.48850967,1,0.666666667
3,10.78225631,6.452327161,-38.21064963,1,1,2.660285333,1,0.925925926
0,12.35484572,2.630293369,-13.17714002,2,2,2.726224809,1,0.925925926
0,10.95421687,1.717657071,-127.9874017,3,1,2.326656588,1,0.666666667
0,6.540819199,11.12212477,-73.8760702,3,2,2.457116993,1,0.666666667
1,1.219006432,3.371435621,-80.11873898,3,0,2.567033116,1,0.666666667
0,7.510184086,7.743050218,-25.9539727,1,1,2.720954415,1,0.925925926
2,7.081153867,13.30865574,-149.481065,1,0,2.257831687,1,0.666666667
3,8.170517175,6.902306731,-145.2806643,3,1,2.24500288,1,0.666666667
3,12.70152939,6.652759703,-50.36115072,1,0,2.598586607,1,0.666666667
0,5.832117428,11.81759651,-97.4331019,3,0,2.378725854,1,0.666666667
3,14.21398794,6.997335551,-21.38432639,4,0,2.556605677,1,0.666666667
1,3.03565607,11.1955787,-66.42664583,2,1,2.556265499,1,0.666666667
1,6.305792183,12.8828294,-141.7138878,2,1,2.255734158,1,0.666666667
3,3.750407971,5.511424863,-78.4081378,2,1,2.566021212,1,0.666666667
3,13.88212376,4.737747634,-115.9065066,1,1,2.387446264,1,0.666666667
1,3.194972234,11.65545268,-21.14133519,3,0,2.661024634,1,0.925925926
0,5.641595254,4.729892173,-60.90416107,3,1,2.573271256,1,0.666666667
0,14.01846252,8.352817695,-106.7245425,2,1,2.340538723,1,0.666666667
1,12.10340812,2.456676384,-140.6793237,2,2,2.305468076,1,0.666666667
3,4.302456689,13.15621912,-101.2243647,2,2,2.407998693,1,0.666666667
2,4.343515194,2.724010596,-44.96202713,2,0,2.699451318,1,0.925925926
1,10.16905854,12.87742658,-113.4514479,4,2,2.231363656,1,0.666666667
1,12.28687341,1.076303782,-55.1946966,2,2,2.602385906,1,0.666666667
2,6.527711143,13.72801729,-128.2645165,1,0,2.329894327,1,0.666666667
2,9.421414296,4.508054559,-117.5957272,2,2,2.388719554,1,0.666666667
2,7.686989623,3.449844849,-19.31103922,4,0,2.664261525,1,0.925925926
2,3.965946683,10.15988839,-125.8860174,2,2,2.359121591,1,0.666666667
3,11.28237032,7.692562854,-45.70976308,1,0,2.617884791,1,0.925925926
2,5.695296808,12.59697225,-68.03208515,3,2,2.470303692,1,0.666666667
0,9.537745994,11.88849488,-73.79748905,2,2,2.459745961,1,0.666666667
0,3.504402521,11.10825278,-141.3425122,3,1,2.26273174,1,0.666666667
2,9.080753866,4.355690486,-137.395289,3,0,2.28765126,1,0.666666667
3,7.13888435,10.53658954,-62.97211976,1,1,2.573338195,1,0.666666667
0,10.43742614,1.687861584,-18.98156315,4,1,2.655475246,1,0.925925926
2,1.22759634,6.201756893,-103.4937654,1,1,2.54072725,1,0.666666667
2,11.87591459,12.50468102,-71.31157952,4,2,2.358488779,1,0.666666667
2,1.822419168,3.82813519,-133.4697528,4,0,2.33859528,1,0.666666667
2,3.332165016,9.100456827,-23.5894026,3,2,2.67704244,1,0.925925926
1,8.117410076,13.63176451,-115.8082681,2,0,2.316480694,1,0.666666667
3,2.00436269,5.738706582,-131.135814,2,1,2.405449927,1,0.666666667
1,6.401789525,13.43203262,-13.01108316,1,1,2.718291501,1,0.925925926
3,3.82132371,12.34865177,-8.449066214,3,2,2.690136691,1,0.925925926
2,9.015935832,8.617749177,-56.29279462,4,2,2.476020501,1,0.666666667
1,4.45469918,2.396583412,-99.188649,2,2,2.520858344,1,0.666666667
1,3.784352214,10.98873758,-132.848485,3,1,2.289440819,1,0.666666667
3,1.975825993,5.429243115,-37.42095265,4,2,2.6412128,1,0.925925926
3,12.62421257,11.2664368,-97.4031217,2,1,2.356416434,1,0.666666667
2,6.324855757,2.3630413,-106.0740462,2,2,2.479540876,1,0.666666667
1,4.002402077,14.41071876,-11.87112141,1,1,2.736298387,1,0.925925926
1,7.949597013,13.50333045,-101.4427818,4,0,2.28732812,1,0.666666667
3,14.11328125,8.328045462,-113.6678529,2,2,2.31669389,1,0.666666667
1,5.045464944,1.941660247,-58.35910376,1,1,2.695598402,1,0.925925926
1,9.111216438,8.654063737,-35.57976047,3,1,2.583747997,1,0.666666667
3,7.453995719,8.646916057,-145.0514882,1,1,2.315485922,1,0.666666667
3,14.19175827,3.896335044,-130.5106508,3,2,2.264083564,1,0.666666667
3,7.439481165,4.391572912,-70.83844379,2,1,2.565561313,1,0.666666667
1,13.93509521,9.048233368,-42.09402544,1,1,2.589853296,1,0.666666667
3,3.923126644,12.4170097,-27.34485894,3,2,2.625449107,1,0.925925926
3,14.95936678,10.21755044,-143.3293578,4,0,2.110466302,1,0.666666667
1,13.05714798,4.573311814,-82.45667726,3,0,2.428839811,1,0.666666667
3,9.798531459,13.32897584,-52.95517167,3,0,2.472207688,1,0.666666667
3,3.055753747,6.405714741,-47.61095188,2,1,2.666682142,1,0.925925926
1,7.95347507,8.108386659,-23.51152233,4,2,2.601009642,1,0.666666667
1,3.775738206,1.6097786,-21.11528253,3,2,2.755760557,1,0.925925926
1,2.401557231,2.651002388,-88.65149823,2,0,2.57396941,1,0.666666667
1,4.45454625,13.09666398,-78.50887922,1,0,2.522791634,1,0.666666667
2,5.659422089,12.23746584,-25.99473803,2,0,2.654381994,1,0.925925926
1,1.934629372,14.89260195,-49.15449163,1,1,2.627879381,1,0.925925926
3,7.657265728,11.37554044,-48.22002501,2,1,2.568938522,1,0.666666667
1,9.118447188,9.187109456,-80.37966829,1,2,2.509012206,1,0.666666667
2,11.94521057,10.58597038,-57.9054959,4,1,2.421669871,1,0.666666667
1,1.333871832,2.988998029,-71.01741084,4,0,2.560046599,1,0.666666667
3,3.386425357,6.433936681,-7.206592645,2,0,2.797774404,1,0.925925926
3,13.52154738,11.57083947,-101.8722986,3,2,2.289501803,1,0.666666667
3,6.73871835,13.27216308,-86.13038495,2,0,2.432789903,1,0.666666667
1,2.947794949,1.482762426,-105.3936959,2,0,2.524382107,1,0.666666667
2,4.631211943,9.43314105,-38.77917703,2,2,2.650092547,1,0.925925926
3,8.804796754,3.916980807,-7.578233199,2,0,2.767521447,1,0.925925926
2,8.201229143,1.416295122,-137.3722089,4,0,2.285917394,1,0.666666667
3,11.24691743,5.383212499,-59.30172786,1,1,2.596026275,1,0.666666667
0,12.10088877,12.22660065,-73.29003659,3,1,2.392424984,1,0.666666667
1,12.64516977,11.03557477,-103.7153757,1,2,2.377474636,1,0.666666667
3,10.45562573,2.477698428,-89.80657579,4,1,2.411311506,1,0.666666667
3,12.98303826,9.841839102,-97.27949684,1,2,2.407486237,1,0.666666667
2,3.133595811,7.426025829,-1.365975499,3,1,2.769850532,1,0.925925926
1,4.228235838,9.706720752,-92.54398281,3,1,2.432170491,1,0.666666667
1,6.355185966,14.68541022,-136.9552254,1,2,2.29307662,1,0.666666667
0,9.718701612,10.29440485,-83.77145229,3,2,2.400630761,1,0.666666667
1,5.415680676,6.566210196,-8.890471789,3,0,2.730546185,1,0.925925926
1,2.55004257,3.596247383,-103.8211884,4,1,2.432466473,1,0.666666667
2,14.98480084,1.280335593,-37.02606977,3,2,2.593928403,1,0.666666667
0,12.41384991,5.418823717,-140.7039256,3,1,2.232660178,1,0.666666667
1,9.26709497,6.318511161,-132.6803687,3,2,2.281876043,1,0.666666667
1,13.24936904,4.901473797,-99.8567791,4,2,2.325635641,1,0.666666667
1,13.93849026,8.069337525,-8.921590406,1,0,2.710183087,1,0.925925926
3,11.86284909,8.000223068,-87.08832878,1,2,2.471074849,1,0.666666667
1,14.53592117,2.948742307,-35.71875612,4,1,2.546090845,1,0.666666667
1,7.657347416,13.27434493,-45.25986263,4,1,2.479816868,1,0.666666667
2,6.738099914,8.021678037,-96.14655047,2,1,2.451913719,1,0.666666667
0,13.69246997,11.41122169,-19.07969301,1,0,2.645364107,1,0.925925926
3,13.04525927,10.21896594,-53.35125108,1,2,2.549520244,1,0.666666667
2,2.765660569,7.729592808,-84.9392075,4,1,2.451916775,1,0.666666667
0,5.853509953,5.95799369,-21.19251586,2,1,2.731243244,1,0.925925926
3,5.38737981,2.267120874,-79.1156627,2,1,2.579736117,1,0.666666667
2,4.463815373,6.937554093,-22.15000081,3,1,2.692152969,1,0.925925926
0,8.667445237,9.088756288,-112.3554063,3,1,2.327919964,1,0.666666667
2,1.684964204,9.025474318,-125.3082001,1,1,2.435201614,1,0.666666667
2,2.413296786,11.90651392,-65.19905445,3,2,2.519471711,1,0.666666667
0,13.16903309,4.992271395,-2.764876673,3,0,2.6891707,1,0.925925926
3,10.56179875,6.48556836,-10.79589327,1,0,2.753540018,1,0.925925926
0,11.53018627,9.025941522,-114.1082766,4,0,2.2540778,1,0.666666667
3,5.733130642,13.13952572,-26.47203685,2,1,2.643033314,1,0.925925926
0,1.413600224,14.45383538,-44.98092033,1,2,2.651389243,1,0.925925926
3,9.46224161,10.87551644,-86.19740736,1,2,2.469297728,1,0.666666667
2,1.436882999,10.66249003,-32.13136483,1,0,2.73190172,1,0.925925926
0,9.142121021,13.24877216,-135.9612367,2,2,2.242886946,1,0.666666667
3,13.19882685,11.36470022,-107.4734106,3,2,2.276120027,1,0.666666667
3,12.04185905,8.140078538,-13.94345699,2,0,2.671702434,1,0.925925926
0,10.68280845,14.43227183,-83.30888974,3,1,2.351152898,1,0.666666667
0,14.63919135,11.11729855,-134.6786966,3,0,2.173506112,1,0.666666667
3,2.129724008,12.84899085,-5.934532894,1,0,2.790431075,1,0.925925926
0,5.892657695,6.48951384,-13.83556948,1,2,2.79005972,1,0.925925926
2,9.942648007,11.97825432,-105.1594333,3,0,2.310259532,1,0.666666667
3,5.580008412,14.10359294,-22.72961386,2,0,2.647398607,1,0.925925926
1,13.24525402,5.74560083,-13.70076691,3,0,2.644422229,1,0.925925926
3,1.597646961,2.859153278,-5.304948931,2,2,2.857748835,1,0.925925926
2,4.99620704,14.15228377,-81.48206123,1,2,2.496908221,1,0.666666667
1,10.73120546,7.616810649,-71.06973103,1,0,2.539620736,1,0.666666667
0,1.081084607,5.504178923,-81.02934719,3,2,2.544049541,1,0.666666667
3,14.35065924,10.77715742,-131.3793399,1,0,2.2707907,1,0.666666667
2,2.610727223,10.57426388,-44.19773013,4,0,2.560824322,1,0.666666667
3,14.67461509,12.69762516,-11.84137692,2,0,2.606806341,1,0.925925926
2,1.763971559,6.173992967,-59.47922834,2,2,2.64235626,1,0.925925926
0,13.61542885,3.637961543,-56.50377859,2,2,2.559120167,1,0.666666667
1,11.87213307,14.24257444,-136.8929384,1,2,2.24254313,1,0.666666667
1,4.956129381,9.677850051,-55.65144687,3,1,2.548155383,1,0.666666667
2,11.00335227,7.575854094,-105.8050401,1,2,2.421524469,1,0.666666667
3,11.46189052,2.321695543,-126.1534338,1,2,2.401652693,1,0.666666667
3,10.4173427,5.189373933,-3.014405308,2,1,2.753884816,1,0.925925926
0,3.719870916,3.117815809,-1.291523051,1,1,2.887318056,1,0.925925926
0,5.70788881,5.75149567,-128.8639308,3,2,2.335859719,1,0.666666667
0,4.51656687,7.471947288,-41.2232049,4,2,2.582704175,1,0.666666667
3,6.201745896,8.084576274,-123.9027191,4,0,2.284127715,1,0.666666667
1,3.799479388,8.20613861,-103.502425,2,1,2.454935737,1,0.666666667
2,14.3467123,6.068776987,-115.9887495,1,2,2.369215942,1,0.666666667
0,2.800188136,10.2140092,-61.30651643,4,2,2.505502972,1,0.666666667
3,3.908282096,5.972264749,-53.4258316,2,2,2.643108426,1,0.925925926
3,7.255107591,7.661347687,-33.92542978,4,0,2.577750681,1,0.666666667
2,14.56861913,2.135019367,-99.34458301,4,2,2.341815005,1,0.666666667
0,12.98972287,8.320224391,-45.82715427,2,0,2.554143346,1,0.666666667
2,5.571704294,3.782364464,-21.00062587,2,0,2.756457226,1,0.925925926
1,7.716512155,12.51879557,-70.89624133,4,1,2.401326118,1,0.666666667
0,9.212401055,4.498765035,-22.57625505,2,2,2.707634156,1,0.925925926
2,5.117856137,14.93164618,-52.68294345,3,1,2.503895165,1,0.666666667
1,13.50025982,12.25119555,-119.8944529,3,1,2.22283727,1,0.666666667
0,13.75330544,10.42859607,-35.39267247,2,1,2.56020541,1,0.666666667
2,4.078707293,13.91717759,-78.73715227,3,2,2.437583977,1,0.666666667
1,8.072311668,2.781527451,-4.412284823,2,0,2.796753993,1,0.925925926
1,7.812785672,1.860535094,-40.42672521,2,1,2.688511042,1,0.925925926
2,12.17832055,8.705347166,-138.4125483,4,1,2.169788162,1,0.666666667
1,14.80592183,14.08044133,-128.9300709,3,1,2.161369465,1,0.666666667
3,6.326515055,12.26269986,-41.15201454,2,2,2.596934469,1,0.666666667
0,4.079406849,11.10487634,-24.50962777,3,0,2.646458409,1,0.925925926
1,13.98014232,5.3732561,-10.16637482,1,2,2.7325781,1,0.925925926
1,11.59903909,5.796909065,-139.3049302,1,0,2.321690751,1,0.666666667
2,14.25142483,2.115717884,-140.2679551,3,1,2.248768722,1,0.666666667
